datum,firma,stelle,kategorie,region
2025-09-29,TECVIA,Frontend Developer (m/w/d),Softwareentwicklung / IT,Regensburg
2025-09-29,Attek,Junior Fullstack Entwickler,Softwareentwicklung / IT,Berlin
2025-09-29,Intend,Mobile-Developer C#/.NET (m/w/d) – 100 % Remote,Softwareentwicklung / IT,Kassel
2025-09-29,FIOSYSTEMS,C# Backend Software Entwickler (remote),Softwareentwicklung / IT,Leipzig
2025-10-06,ADVERGYGmbH,(Senior) C#/.NET Fullstack Entwickler (m/w/d) – Ref. OPP-25-09-03909,Softwareentwicklung / IT,Hamburg
2025-10-06,GEFASOFT,Softwareentwicklerin,Softwareentwicklung / IT,Regensburg
2025-10-06,evopro,Softwareentwicklerin,Softwareentwicklung / IT,Regensburg
2025-10-07,SIITechnologiesGmbH,Software Developer C# / .NET (m/w/x),Softwareentwicklung / IT,Regensburg
2025-10-09,Alfatraining,Softwareentwicklerin C# (m/w/d),Softwareentwicklung / IT,Karlsruhe
2025-10-13,Krones,Automatisierungs- /Softwareingenieur (m/w/d) mit Schwerpunkt Robotik Referenznummer: 2025-1189,Softwareentwicklung / IT,Neutraubling
2025-10-20,CodeCompass,NET Software Engineer (m/w/d) – remote,Softwareentwicklung / IT,Remote
2025-10-20,GFN,Trainee IT-Ausbilderin (m/w/x) – GFN GmbH,Trainee,Regensburg
2025-10-21,InfoTip,Backend-Developer (all genders),Softwareentwicklung / IT,Bochum
2025-10-21,IQVIA,Softwareentwicklerin C#/.NET (m/w/d),Softwareentwicklung / IT,Frankfurt am Main
2025-10-23,Kaupa,C# Entwicklerin – Homeoffice,Softwareentwicklung / IT,Remscheid
2025-10-24,FinanzIT,KI-Engineer (m/w/d) beim Landesamt für Finanzen – FinanzIT BAYERN,Softwareentwicklung / IT,Regensburg
2025-10-24,Hallowelt,"Softwaretester:in (Teilzeit, Home Office bevorzugt)",Softwareentwicklung / IT,Regensburg
2025-10-28,ROPA,Fachinformatiker Anwendungsentwicklung (m/w/d) bei ROPA am Standort TechBase Regensburg,Softwareentwicklung / IT,Sittelsdorf
2025-10-29,EA,Softwareentwicklerin für individuelle Lösungen (m/w/d) – Kennziffer J26707,Softwareentwicklung / IT,Düsseldorf
2025-10-29,Lersch,Full Stack C# / .NET Developer (m/f/d),Softwareentwicklung / IT,Regensburg
2025-10-30,niwadev,Softwareentwicklerin C#/.NET,Softwareentwicklung / IT,Augsburg
2025-11-14,HAPEKO,Junior Software-Entwickler .NET / C#,Softwareentwicklung / IT,Regensburg
2025-11-19,RHAPSODY,Junior Software-Entwickler .NET / C#,Softwareentwicklung / IT,Rheine
2025-11-19,INFOMOTION,Trainee im Bereich Data & Analytics,Trainee,Frankfurt am Main
2025-11-27,WattFox,C# Fullstack Developer (m/w/d),Softwareentwicklung / IT,Freiburg im Breisgau
2025-12-02,PostHog,Softwareentwickler,Softwareentwicklung / IT,Berlin
2025-12-08,LinoPro,Softwareentwicklerin C# (m/w/d),Softwareentwicklung / IT,Dresden
2025-12-24,KA Resources,Softwareentwicklerin C# / .NET,Softwareentwicklung / IT,Gran Canaria (Spanien)
2025-12-24,VESTERLING,Softwareentwicklerin (C# / .NET),Softwareentwicklung / IT,München
2025-12-24,IVUSoftwareentwicklungGmbH,Softwareentwickler (m/w/d),Softwareentwicklung / IT,Burglengenfeld
2026-01-05,Piening,Software Developer – Produktentwicklung Logistiksoftware,Softwareentwicklung / IT,Osnabrück
2026-01-08,Brunel,Softwareentwickler C# / JavaScript (m/w/d),Softwareentwicklung / IT,Regensburg
2026-01-09,HiQ,Fullstack Software Engineer (m/w/d) – ASP.NET Core,Softwareentwicklung / IT,Regensburg
2026-01-28,GUS,Softwareentwicklerin – ERP-Umfeld,Softwareentwicklung / IT,Köln
2026-01-28,Nexis,Software Tester (m/w/d),Softwareentwicklung / IT,Regensburg
2026-02-04,n-komm,(Junior) Softwareentwicklerin Lagerlogistik (m/w/d),Softwareentwicklung / IT,Karlsruhe
2026-02-05,RIS,Fachinformatikerin Anwendungsentwicklung,Softwareentwicklung / IT,Regensburg
2026-02-05,SYSTEMA,Softwareentwicklerin (m/w/d),Softwareentwicklung / IT,Regensburg
2026-02-05,FERCHAU,Softwareentwicklerin (m/w/d) – Kennziffer ID59-28965-R,Softwareentwicklung / IT,Regensburg
2026-02-05,InCore,Umschulung Fachinformatikerin Anwendungsentwicklung,Umschulung / Ausbildung,Regensburg
2026-02-27,GEVAS,Softwareentwicklerin – Standort Regensburg,Softwareentwicklung / IT,München
2026-03-11,Klärwerk,Informatiker (m/w/d) im Klärwerk – Stellen-Nr. 65-12:3714,Softwareentwicklung / IT,Regensburg
2026-03-16,IVU,Softwareentwicklerin Backend (C# / .NET),Softwareentwicklung / IT,Berlin
2026-03-16,Syskron,Agile Softwareentwicklerin (m/w/d),Softwareentwicklung / IT,Wackersdorf
2026-03-20,Neumeier,Full Stack Developer (m/w/d),Softwareentwicklung / IT,Regensburg
2026-03-20,sixaAG,Customer Care Mitarbeiterin (Quereinsteigerin),Quereinstieg,Zürich
2026-03-26,ETA,Position über ETA Personal GmbH,Sonstige,Heilbronn
2026-03-26,Nexis,Software Tester (m/w/d),Softwareentwicklung / IT,Regensburg
2026-04-25,Schapfl,Softwareentwicklerin (C# / .NET),Softwareentwicklung / IT,Straubing
2026-04-25,APIS,Softwareentwicklerin – C# / .NET / REST,Softwareentwicklung / IT,Wörth a.d. Donau
2026-04-25,ILS-Industrie,Softwareentwicklerin (C# / .NET),Softwareentwicklung / IT,Regensburg
2026-04-25,Duvenbeck,Softwareentwicklerin (C# / .NET),Softwareentwicklung / IT,Regensburg
2026-04-27,Rodday,Softwareentwicklerin C# / .NET,Softwareentwicklung / IT,(noch zu recherchieren)
2026-04-27,CADOSYS,Softwareentwicklerin (C# / .NET),Softwareentwicklung / IT,Langenfeld
2026-04-27,MEDIFOX,C# / .NET Backend Developerin,Softwareentwicklung / IT,Hildesheim
2026-04-27,Harris,Softwareentwicklerin Datenmigration,Softwareentwicklung / IT,Regensburg
2026-04-30,ibi systems GmbH,Backend Entwickler C# / .NET,Softwareentwicklung / IT,Regensburg
2026-05-01,INSYS,Backend Entwickler (m/w/d) – Referenzcode 200-01-26,Softwareentwicklung / IT,Regensburg
2026-05-01,CALConsult,Fullstack Engineer (.NET) – Remote,Softwareentwicklung / IT,Versmold
2026-05-03,Hypoport,C# Backend Entwickler / .NET (m/w/d) – Remote,Softwareentwicklung / IT,Regensburg
2026-05-03,FNTIO,NET Developer (Backend) – Remote,Softwareentwicklung / IT,Regensburg
2026-05-04,Alphatrail,Supply Chain Management – Trainee Programm,Trainee,Regensburg
2026-05-05,Motus,ERP Software Support Specialist (m/w/d),Softwareentwicklung / IT,Regensburg
2026-05-05,Sparda-Bank,Mitarbeiter Digitales Banking & Online-Banking Support (m/w/d),Sonstige,Regensburg
2026-05-05,Akkodis,Großraum Regensburg – Softwareentwicklung / IT / Data,Softwareentwicklung / IT,Regensburg
2026-05-07,eWorks,C#-Entwicklerin,Softwareentwicklung / IT,Frankfurt am Main
2026-05-11,Brunel,SPS-Programmiererin mit Erfahrung im Siemens-Umfeld,Softwareentwicklung / IT,Regensburg
2026-05-11,Aide,Entwickler (m/w/d) im Bereich Automatisierungstechnik / Simulation,Softwareentwicklung / IT,Regensburg
2026-05-12,Reinhausen,Softwareentwicklerin für eine Prüfplattform (m/w/d),Softwareentwicklung / IT,Regensburg
2026-05-14,GEFASOFT,Softwareentwicklerin C# / .NET (m/w/d),Softwareentwicklung / IT,Regensburg
2026-05-14,Rockstardevelopers,Webentwickler / Frontend oder Fullstack,Softwareentwicklung / IT,Regensburg
2026-05-14,officepeople,Software Tester (m/w/d),Softwareentwicklung / IT,Regensburg
2026-05-15,SOG,Software Tester (m/w/d),Softwareentwicklung / IT,Regensburg
2026-05-15,Skalbach,Anwendungsentwickler C# (m/w/d),Softwareentwicklung / IT,Stuttgart
2026-05-15,PassionforPeople,KI Plattform Developer / Big Data (m/w/d),Softwareentwicklung / IT,Stuttgart
2026-05-16,OPTITOOL,Trainee / Umschülerin im Bereich Anwendungsentwicklung (m/w/d),Trainee,Regensburg
2026-05-16,Tecvia,Trainee / Fachinformatikerin für Anwendungsentwicklung (m/w/d),Trainee,Regensburg
2026-05-19,­ experts,Anwendungsentwickler (m/w/d),Softwareentwicklung / IT,München
2026-05-26,Fels-Werke,"im Bereich IT, Softwareentwicklung oder kaufmännisch- technischer Bürobereich",Softwareentwicklung / IT,Saal an der Donau
2026-05-26,Hallo Welt,Sales Trainee im B2B- Softwarevertrieb,Trainee,Regensburg
2026-05-27,KRONES,Trainee (m/w/d) Human Resources Personalentwicklung,Trainee,Neutraubling
2026-05-28,TECVIA,Frontend Developer (m/w/d),Softwareentwicklung / IT,Regensburg
2026-05-28,OPTITOOL,Web Entwicklerin / Web Developer (m/w/d),Softwareentwicklung / IT,Regensburg
2026-05-29,Scandio,Junior IT Consultant – Digital Transformation (m/w/d),Softwareentwicklung / IT,Regensburg
2026-05-30,Eduvation IT Services,Backend Developer (m/w/d),Softwareentwicklung / IT,Gelsenkirchen
2026-05-30,FNTIO,Full-Stack Entwickler (m/w/d) - .NET 100% Remote,Softwareentwicklung / IT,Regensburg
2026-05-30,IndustrialAnalyticsLab,Junior Software Developer (m/w/d) 100% Remote,Softwareentwicklung / IT,Wetter (Ruhr)
2026-05-30,Randstad,Sachbearbeiter IT (m/w/d),Sonstige,Regensburg
2026-06-01,IEMTEC,SPS-Programmiererin (m/w/d),Softwareentwicklung / IT,Barbing
2026-06-03,Neumueller,SPS-Programmiererin (m/w/d),Softwareentwicklung / IT,Regensburg
2026-06-04,Allgeier,NET Entwickler (m/w/d),Softwareentwicklung / IT,Regensburg
2026-06-04,Acadoro,Full Stack Softwareentwickler im Homeoffice (m/w/d),Softwareentwicklung / IT,Kirchheim unter Teck
2026-06-05,VerlagHerder,Data Analyst & KI (m/w/d) Growth,Softwareentwicklung / IT,Freiburg im Breisgau
2026-06-07,Reinhausen,"im Bereich IT, Softwareentwicklung und Digitalisierung",Softwareentwicklung / IT,Regensburg
2026-06-07,Treukontax,Ausbildung zur Steuerfachangestellten (m/w/d) 2026,Umschulung / Ausbildung,Regensburg
2026-06-07,Landkreis,"im Bereich IT-Support, Digitalisierung und Verwaltung",Softwareentwicklung / IT,Regensburg
2026-06-08,Raiffeisenbank,"im Bereich IT, Digitalisierung, Prozessmanagement und Verwaltung",Sonstige,Regensburg
2026-06-08,Debeka,Quereinsteigerin im Vertrieb Versicherungen und Finanzen (w/m/d),Quereinstieg,Regensburg
2026-06-11,Sparda,Mitarbeiter für IT-Lösungen (w/m/d),Softwareentwicklung / IT,Regensburg
2026-06-14,Trenkwalder,Sachbearbeiter (m/w/d) Auftragsabwicklung,Sonstige,Regensburg
2026-06-14,SpardaBank,Mitarbeiterin für IT-Lösungen und IT-Administration (m/w/d),Softwareentwicklung / IT,Regensburg
2026-06-16,KRONES,Software Developer (m/w/d),Softwareentwicklung / IT,Neutraubling
2026-07-24,zeitconcept,Fachinformatikerin (m/w/d) Power BI / Dashboards,Softwareentwicklung / IT,Regensburg
2026-07-24,ASMPT,IT Solution Specialist (m/w/d),Softwareentwicklung / IT,Regensburg
2026-07-30,Meierhofer,Software Engineer Fullstack (.NET / Vue.js) mit Perspektive Software Architect (m/w/d),Softwareentwicklung / IT,Aschheim
2026-07-30,IVU,Softwareentwicklerin Backend – Energiewirtschaft & Agentic Coding,Softwareentwicklung / IT,Berlin
2026-07-31,citema,Full-Stack-Entwickler (m/w/d),Softwareentwicklung / IT,Grasbrunn
2026-07-31,OPTITOOL,OT-D Backend Entwickler / Backend Developer - JAVA (m/w/d) in Vollzeit,Softwareentwicklung / IT,Regensburg
2026-07-31,ASMPT,Software-Entwickler/in C# / C++ (m/w/d),Softwareentwicklung / IT,Regensburg
2026-08-07,fuljoyment,Senior Softwareentwicklerin .NET mit KI-Fokus (m/w/d),Softwareentwicklung / IT,Brüsewitz
2026-08-11,iSSoftware,Softwareentwicklerin C#/.NET,Softwareentwicklung / IT,Regensburg
2026-08-11,Vektor,Softwareentwicklerin C#/.NET,Softwareentwicklung / IT,Regensburg
2026-08-12,knowis,"Softwareentwicklerin – C#/.NET, Python & Data Analytics",Softwareentwicklung / IT,Regensburg
2026-08-12,Gefasoft,Softwareentwicklerin C#/.NET,Softwareentwicklung / IT,Regensburg
2026-08-12,OptWare,"Softwareentwicklerin – C#/.NET, Python & Data Analytics",Softwareentwicklung / IT,Regensburg
2026-08-13,AVL Software,Fachinformatikerin für Daten- und Prozessanalyse – Autonomous Mobility,Softwareentwicklung / IT,Regensburg
2026-08-14,Bavaria,Programmiererin (Web / Python / Django),Softwareentwicklung / IT,Regensburg
2026-08-14,ARINNAU,Softwaretester / Testautomatisierer (m/w/d),Softwareentwicklung / IT,Regensburg
2026-08-14,ASMPT,– Softwareentwicklung / Softwaretesting / technische Funktionen,Softwareentwicklung / IT,Regensburg
2026-08-16,RADAS,Softwareentwicklerin .NET/C# – Ref. 12254-1-235037-S,Softwareentwicklung / IT,Berlin
2026-08-17,audaris,PHP-Backend-Entwicklerin (m/w/d),Softwareentwicklung / IT,Neutraubling
2026-08-19,Neumüller,SPS Programmiererin (w/m/d) Industrie 4.0,Softwareentwicklung / IT,Regensburg
2026-08-19,Akkodis,SPS-Programmiererin (m/w/d),Softwareentwicklung / IT,Regensburg
2026-08-20,TAPKO,Softwareentwicklerin / Softwaretesterin – Automatisierung & technische Software,Softwareentwicklung / IT,Regensburg
2026-08-20,Valentum,"Softwareentwicklerin / Softwaretesterin – C#/.NET, Automatisierung & technische Software",Softwareentwicklung / IT,Regensburg
2026-08-20,Reinhausen,Softwareentwicklerin / Testerin – Automatisierung & Systemtest,Softwareentwicklung / IT,Regensburg
2026-08-20,evopro,"Softwareentwicklerin / Softwaretesterin / IT- Support – C#/.NET, Automatisierung und technische Software",Softwareentwicklung / IT,Regensburg
2026-08-20,systema,Softwareentwicklerin / Junior-SAP-Entwicklerin,Softwareentwicklung / IT,Regensburg
2026-08-21,proLogistik,Softwareentwicklerin C# für die Intralogistik (m/w/d),Softwareentwicklung / IT,Regensburg
2026-08-25,SystemLogistics,Software Developer (m/w/d),Softwareentwicklung / IT,Wackersdorf
2026-08-25,Eckert Schulen,"Fullstack Entwickler / Softwareentwickler (m/w/d) – React, Node.js & .NET",Softwareentwicklung / IT,Regenstauf
2026-08-29,SCHÄFER,im Bereich IT Solutions – Standort Regensburg,Softwareentwicklung / IT,Regensburg
2026-08-30,StadtRegensburg,Sachbearbeiterin im Bereich IT-Client- Management der Schulen – Stellen-Nr. 17-07:3964,Sonstige,Regensburg
